team,sum_salary,today,year
Golden State,178980766,206963957,2021
Brooklyn,174811922,202143321,2021
LA Clippers,168378382,194703915,2021
LA Lakers,164409293,190114264,2021
Milwaukee,160875421,186027881,2021
Utah,149760719,173175425,2021
Philadelphia,148922969,172206695,2021
Miami,140840240,162860249,2021
Indiana,138181486,159785807,2021
Denver,137963926,159534234,2021
Minnesota,137432702,158919956,2021
Boston,136557646,157908082,2021
Phoenix,136476474,157814221,2021
Cleveland,136385911,157709500,2021
Chicago,136083814,157360165,2021
New Orleans,135793968,157025005,2021
Atlanta,135166020,156298879,2021
Toronto,134896484,155987201,2021
Houston,132267085,152946704,2021
Detroit,131120355,151620682,2021
Sacramento,130457848,150854598,2021
Washington,128019790,148035352,2021
San Antonio,127655401,147613994,2021
Orlando,126786646,146609408,2021
Dallas,126696965,146505707,2021
Portland,124788473,144298828,2021
Charlotte,122139566,141235777,2021
New York,120644081,139506473,2021
Memphis,117284457,135621576,2021
Oklahoma City,82022873,94846931,2021
LA Lakers,88264478,122852404,2011
Orlando,87955505,122422356,2011
Portland,80920717,112630867,2011
Phoenix,80640576,112240948,2011
Boston,79820530,111099553,2011
Dallas,77180233,107424610,2011
New York,77093212,107303490,2011
Miami,75469639,105043691,2011
San Antonio,73732762,102626190,2011
Atlanta,73669912,102538712,2011
Detroit,70923605,98716216,2011
Memphis,70628007,98304784,2011
Chicago,69548447,96802179,2011
LA Clippers,67333389,93719111,2011
Philadelphia,66672368,92799060,2011
New Orleans,65441008,91085170,2011
Brooklyn,65281235,90862784,2011
Cleveland,64875599,90298196,2011
Golden State,61576901,85706846,2011
Milwaukee,60192388,83779789,2011
Oklahoma City,59501709,82818457,2011
Denver,58553173,81498221,2011
Utah,58178016,80976053,2011
Charlotte,57902024,80591909,2011
Houston,57021755,79366691,2011
Minnesota,56844339,79119753,2011
Washington,55386345,77090417,2011
Toronto,55063049,76640434,2011
Indiana,51554083,71756418,2011
Sacramento,48950236,68132210,2011
LA Lakers,100131988,137089243,2012
Brooklyn,87644649,119993008,2012
Miami,80427933,110112709,2012
New York,79977119,109495505,2012
Boston,75508399,103377445,2012
Chicago,74491280,101984922,2012
Golden State,70036985,95886612,2012
San Antonio,69838600,95615008,2012
Dallas,69766571,95516384,2012
LA Clippers,69152721,94675978,2012
Oklahoma City,68924100,94362978,2012
Detroit,68807497,94203339,2012
Atlanta,66710178,91331928,2012
Philadelphia,66697839,91315035,2012
Orlando,66557496,91122895,2012
Indiana,66107195,90506393,2012
Utah,65657569,89890814,2012
Minnesota,64329748,88072913,2012
New Orleans,64134537,87805656,2012
Toronto,63708138,87221879,2012
Denver,63444254,86860600,2012
Memphis,63054115,86326467,2012
Milwaukee,62410041,85444675,2012
Washington,59715539,81755667,2012
Portland,59442596,81381987,2012
Charlotte,58122566,79574756,2012
Cleveland,54472190,74577074,2012
Sacramento,54421935,74508274,2012
Phoenix,54196264,74199312,2012
Houston,48048265,65782172,2012
Portland,105595657,184410864,2002
New York,93452379,163203998,2002
Dallas,72940316,127382002,2002
Sacramento,70416596,122974612,2002
Philadelphia,64822487,113205131,2002
LA Lakers,63151182,110286387,2002
Memphis,61009172,106545607,2002
Brooklyn,60412919,105504321,2002
Minnesota,59518801,103942847,2002
Milwaukee,57995152,101281964,2002
Miami,57378326,100204748,2002
Atlanta,55711549,97293910,2002
Toronto,55408207,96764156,2002
Phoenix,55225080,96444346,2002
Indiana,53472323,93383357,2002
San Antonio,53182559,92877317,2002
Oklahoma City,53167479,92850981,2002
Boston,52548195,91769470,2002
Utah,50934629,88951559,2002
Orlando,50435346,88079618,2002
Houston,50181239,87635848,2002
Cleveland,49610448,86639028,2002
Denver,49109209,85763667,2002
Detroit,47777888,83438667,2002
Golden State,47737715,83368514,2002
Washington,46691190,81540872,2002
Chicago,44531095,77768511,2002
New Orleans,44458882,77642401,2002
LA Clippers,42955777,75017395,2002
New York,96643646,138761126,2008
Dallas,95045559,136466588,2008
Cleveland,91298233,131086171,2008
Portland,80260059,115237541,2008
Boston,79188973,113699674,2008
LA Lakers,78245793,112345455,2008
Phoenix,76130408,109308179,2008
Toronto,73446970,105455296,2008
Houston,73302272,105247535,2008
Detroit,71434174,102565318,2008
Milwaukee,71360656,102459760,2008
Washington,70743317,101573383,2008
Miami,70297059,100932646,2008
Denver,70121003,100679866,2008
Orlando,69672979,100036590,2008
Indiana,69668818,100030616,2008
Sacramento,69204512,99363963,2008
Oklahoma City,68341605,98125000,2008
Philadelphia,68301007,98066709,2008
Atlanta,68168841,97876948,2008
Chicago,68126774,97816546,2008
San Antonio,68020487,97663939,2008
New Orleans,67530808,96960857,2008
Golden State,67416431,96796633,2008
Minnesota,66445144,95402059,2008
Utah,65841407,94535211,2008
Charlotte,62866926,90264446,2008
LA Clippers,62764206,90116959,2008
Brooklyn,62666523,89976708,2008
Memphis,55958148,80344805,2008
LA Lakers,42068300,89302750,1994
Orlando,29069916,61709723,1994
Cleveland,28106000,59663522,1994
Portland,26658000,56589703,1994
New York,25748900,54659859,1994
Indiana,24918500,52897086,1994
Boston,24462000,51928026,1994
Oklahoma City,24073500,51103317,1994
Phoenix,23170884,49187242,1994
Brooklyn,23121800,49083045,1994
San Antonio,22721982,48234307,1994
Chicago,22053129,46814464,1994
Denver,21940500,46575374,1994
Atlanta,21869340,46424317,1994
Sacramento,20209000,42899739,1994
Miami,20142000,42757514,1994
Golden State,19797300,42025780,1994
Philadelphia,19709510,41839419,1994
Charlotte,19346658,41069158,1994
Utah,18708950,39715429,1994
Dallas,18053100,38323187,1994
LA Clippers,17876700,37948725,1994
Minnesota,17673260,37516858,1994
Houston,17578600,37315916,1994
Washington,17049750,36193269,1994
Detroit,16339300,34685126,1994
Milwaukee,16256960,34510334,1994
LA Lakers,91378064,133099830,2009
Dallas,88916075,129513735,2009
New York,85710076,124843928,2009
Boston,83552174,121700763,2009
Cleveland,83398534,121476973,2009
Orlando,82200916,119732542,2009
San Antonio,79338309,115562913,2009
Denver,74935538,109149909,2009
Miami,74208013,108090206,2009
Washington,73440274,106971929,2009
Utah,71905244,104736033,2009
New Orleans,70163827,102199509,2009
Chicago,69700359,101524429,2009
Houston,69095315,100643130,2009
Charlotte,68681758,100040750,2009
Toronto,67822433,98789072,2009
Sacramento,67515718,98342313,2009
Milwaukee,66775602,97264272,2009
Indiana,66733257,97202595,2009
Atlanta,65883642,95965060,2009
Golden State,65352372,95191218,2009
Phoenix,65288544,95098250,2009
Philadelphia,64883448,94508194,2009
Minnesota,62253360,90677248,2009
LA Clippers,61616409,89749472,2009
Detroit,60185833,87665722,2009
Brooklyn,59366715,86472605,2009
Oklahoma City,58578614,85324671,2009
Memphis,57287474,83444016,2009
Portland,56946258,82947009,2009
New York,43329000,89264835,1995
Orlando,36526560,75250690,1995
Phoenix,36525000,75247479,1995
LA Lakers,30073000,61955300,1995
Cleveland,27695000,57056231,1995
San Antonio,26553000,54703527,1995
Oklahoma City,25852000,53259349,1995
Houston,25632000,52806112,1995
Philadelphia,25133000,51778088,1995
Denver,24553000,50583197,1995
Sacramento,24391000,50249452,1995
Detroit,23970000,49382121,1995
Portland,23926000,49291472,1995
Indiana,23909000,49256450,1995
Chicago,23512000,48438566,1995
Charlotte,23084000,47556817,1995
Milwaukee,23011000,47406427,1995
Golden State,22877000,47130364,1995
Minnesota,22642000,46646222,1995
Brooklyn,22580000,46518493,1995
Utah,22451000,46252732,1995
Atlanta,22227000,45791255,1995
Washington,22224000,45785075,1995
Miami,22087000,45502833,1995
Dallas,21753000,44814740,1995
LA Clippers,21165000,43603362,1995
Boston,20219000,41654445,1995
Memphis,18413000,37933785,1995
Toronto,17955000,36990233,1995
New York,117350866,181708756,2006
Dallas,88531846,137084724,2006
LA Lakers,77099949,119383317,2006
Portland,75026386,116172564,2006
Philadelphia,69140163,107058200,2006
Minnesota,66820673,103466650,2006
Phoenix,65841120,101949887,2006
San Antonio,65654320,101660643,2006
Denver,65517776,101449214,2006
Golden State,65012368,100666627,2006
Brooklyn,64486110,99851759,2006
Miami,64416312,99743680,2006
Sacramento,64296611,99558332,2006
Houston,63837566,98847540,2006
Milwaukee,63498518,98322546,2006
Indiana,63118965,97734838,2006
Cleveland,62992729,97539374,2006
Boston,62981479,97521952,2006
Washington,62733705,97138293,2006
Utah,62364364,96566397,2006
Memphis,61960489,95941029,2006
Orlando,61447108,95146097,2006
LA Clippers,59181038,91637263,2006
Detroit,59010951,91373899,2006
Oklahoma City,56986831,88239703,2006
Chicago,54754904,84783736,2006
New Orleans,53748991,83226157,2006
Toronto,51015491,78993543,2006
Atlanta,48581972,75225427,2006
Charlotte,41964046,64978079,2006
Chicago,58270000,116828182,1996
Orlando,40149100,80496763,1996
Indiana,39480000,79155250,1996
Phoenix,36140000,72458732,1996
Washington,34940000,70052801,1996
Golden State,31087000,62327742,1996
San Antonio,30785500,61723251,1996
Oklahoma City,30301500,60752857,1996
LA Lakers,28838500,57819622,1996
Sacramento,27820200,55777984,1996
Detroit,26848500,53829781,1996
Houston,26275000,52679947,1996
Dallas,26107500,52344116,1996
New York,25923500,51975204,1996
Boston,25853500,51834859,1996
Atlanta,25806100,51739826,1996
Brooklyn,25426600,50978945,1996
Utah,25267000,50658959,1996
Portland,24903500,49930161,1996
Milwaukee,24222500,48564794,1996
Minnesota,24100500,48320189,1996
Philadelphia,23669500,47456058,1996
LA Clippers,23336500,46788411,1996
Miami,22421000,44952883,1996
Denver,21243300,42591657,1996
Charlotte,20975500,42054734,1996
Cleveland,18867500,37828308,1996
Toronto,18633900,37359951,1996
Memphis,15978000,32035019,1996
Portland,87395140,159265467,2000
New York,74007738,134868788,2000
Miami,73472329,133893083,2000
Brooklyn,68977578,125702023,2000
Washington,59085969,107675943,2000
LA Lakers,58968213,107461347,2000
Milwaukee,57819318,105367649,2000
San Antonio,57215938,104268072,2000
Indiana,55086140,100386811,2000
Phoenix,53906347,98236801,2000
Utah,53893860,98214049,2000
Dallas,52274842,95263612,2000
Denver,52189220,95107581,2000
Oklahoma City,51538658,93922022,2000
Boston,51478707,93812764,2000
Philadelphia,51085458,93096125,2000
Cleveland,49780549,90718111,2000
Houston,49283309,89811961,2000
Memphis,48899840,89113143,2000
Minnesota,47488500,86541172,2000
Charlotte,46441558,84633265,2000
Sacramento,46266289,84313862,2000
Golden State,42363018,77200694,2000
Detroit,40475338,73760660,2000
Atlanta,39297129,71613539,2000
Toronto,38313749,69821464,2000
Orlando,37459860,68265371,2000
Chicago,29691907,54109356,2000
LA Clippers,29606189,53953147,2000
LA Clippers,192905421,204535294,2022
Golden State,192386134,203984702,2022
Milwaukee,182930771,193959293,2022
Boston,178633307,189402747,2022
Dallas,177244238,187929929,2022
Phoenix,176042453,186655694,2022
LA Lakers,169391473,179603738,2022
Denver,162338665,172125732,2022
Brooklyn,159566723,169186672,2022
Washington,152008934,161173239,2022
Cleveland,151966241,161127975,2022
Chicago,151964990,161126647,2022
Miami,151408266,160536360,2022
Toronto,150992313,160095330,2022
Philadelphia,150496913,159570063,2022
Atlanta,149836313,158869639,2022
New York,148987936,157970114,2022
Oklahoma City,148856338,157830582,2022
Utah,148738241,157705365,2022
New Orleans,148360910,157305287,2022
Minnesota,145793656,154583256,2022
Portland,144997250,153738833,2022
Sacramento,139423615,147829176,2022
Houston,137579793,145874191,2022
Detroit,129153570,136939969,2022
Memphis,127139520,134804500,2022
Orlando,126107324,133710077,2022
Charlotte,125874047,133462735,2022
Indiana,125706114,133284674,2022
San Antonio,104545376,110848194,2022
LA Lakers,91428140,131784621,2010
Orlando,90770804,130837132,2010
Dallas,85409890,123109908,2010
Boston,82045867,118261000,2010
Utah,75855296,109337903,2010
Portland,74584058,107505539,2010
Houston,72315654,104235859,2010
Atlanta,71469843,103016707,2010
Memphis,70241344,101245942,2010
Toronto,69992648,100887473,2010
San Antonio,69522311,100209529,2010
Milwaukee,69076690,99567212,2010
Philadelphia,68915246,99334506,2010
Golden State,68415336,98613937,2010
New Orleans,68230729,98347842,2010
Denver,68019290,98043075,2010
New York,67016562,96597741,2010
Charlotte,66542696,95914708,2010
Miami,66205855,95429186,2010
Phoenix,65979054,95102276,2010
Detroit,65517821,94437456,2010
Indiana,65088630,93818815,2010
Brooklyn,58495989,84316177,2010
Washington,58324988,84069696,2010
Oklahoma City,55922488,80606733,2010
Chicago,54538076,78611238,2010
Cleveland,53990021,77821270,2010
Minnesota,53461123,77058915,2010
LA Clippers,53225329,76719041,2010
Sacramento,45268465,65250009,2010
Boston,25343000,58545115,1991
Cleveland,16882000,38999274,1991
Chicago,16829000,38876839,1991
LA Lakers,15673000,36206354,1991
Detroit,15428000,35640373,1991
Indiana,15090000,34859557,1991
Philadelphia,14058000,32475521,1991
Phoenix,13593000,31401323,1991
Oklahoma City,13308000,30742942,1991
Houston,13274000,30664396,1991
Dallas,13004000,30040669,1991
LA Clippers,12976000,29975982,1991
Atlanta,12930000,29869719,1991
Utah,12761000,29479311,1991
Portland,12742000,29435418,1991
Washington,12633000,29183615,1991
Charlotte,12625000,29165137,1991
Brooklyn,12598000,29102763,1991
Golden State,12500000,28876372,1991
Sacramento,12492000,28857891,1991
Milwaukee,12451000,28763176,1991
New York,12399000,28643051,1991
Orlando,12250000,28298844,1991
Denver,11879000,27441792,1991
San Antonio,11587000,26767243,1991
Miami,11514000,26598603,1991
Minnesota,10763000,24863710,1991
Brooklyn,102589967,138032757,2013
New York,89072787,119845658,2013
Miami,80841617,108770784,2013
LA Lakers,77423614,104171929,2013
Dallas,75012158,100927363,2013
Chicago,73336893,98673324,2013
LA Clippers,73049774,98287014,2013
Golden State,72503122,97551504,2013
Memphis,71992885,96864987,2013
Oklahoma City,71653401,96408221,2013
Toronto,71561643,96284761,2013
Boston,70885503,95375029,2013
Minnesota,68564040,92251548,2013
New Orleans,67358651,90629716,2013
Indiana,67182414,90392597,2013
Cleveland,66654061,89681710,2013
Denver,65782065,88508456,2013
Washington,64698822,87050973,2013
San Antonio,63115911,84921200,2013
Detroit,62387432,83941045,2013
Portland,61260350,82424578,2013
Charlotte,60395651,81261143,2013
Sacramento,59174155,79617644,2013
Atlanta,58998677,79381541,2013
Houston,57823063,77799775,2013
Orlando,56948031,76622437,2013
Utah,56911999,76573958,2013
Phoenix,55569468,74767608,2013
Milwaukee,54400846,73195250,2013
Philadelphia,51741312,69616898,2013
New York,102567539,169869031,2004
Dallas,91908443,152215779,2004
Portland,83671309,138573706,2004
Philadelphia,71951878,119164363,2004
Minnesota,70123411,116136117,2004
Memphis,67010830,110981159,2004
Orlando,66445249,110044463,2004
Indiana,66064780,109414339,2004
LA Lakers,65059098,107748764,2004
Boston,64577356,106950918,2004
Sacramento,61807688,102363887,2004
Toronto,61703775,102191785,2004
Houston,60284303,99840903,2004
Miami,59523529,98580937,2004
Milwaukee,57448246,95143914,2004
Chicago,57276129,94858859,2004
New Orleans,56572882,93694167,2004
Brooklyn,54983980,91062680,2004
Golden State,54943723,90996010,2004
Detroit,54762481,90695840,2004
Oklahoma City,53821301,89137089,2004
Washington,49797050,82472254,2004
Cleveland,49175274,81442491,2004
San Antonio,47504123,78674784,2004
Denver,46101759,76352236,2004
LA Clippers,45483265,75327905,2004
Phoenix,44598682,73862884,2004
Utah,43515760,72069385,2004
Atlanta,41059616,68001599,2004
Charlotte,23922578,39619793,2004
New York,126631098,204546649,2005
Dallas,98454832,159033650,2005
Philadelphia,84807300,136988851,2005
Indiana,78791779,127272009,2005
Orlando,75784782,122414821,2005
LA Lakers,72917945,117784029,2005
Houston,69257404,111871172,2005
Memphis,67525538,109073698,2005
Brooklyn,66449350,107335339,2005
San Antonio,63570274,102684776,2005
Milwaukee,63022514,101799984,2005
Sacramento,62811975,101459903,2005
Toronto,62411884,100813637,2005
Minnesota,61830186,99874021,2005
Miami,60732452,98100857,2005
Portland,60017964,96946748,2005
Detroit,59619275,96302746,2005
Utah,57372902,92674189,2005
Chicago,57166530,92340837,2005
Golden State,57114566,92256901,2005
Boston,56907300,91922105,2005
Denver,56492172,91251553,2005
Washington,54555947,88123976,2005
Phoenix,53626924,86623329,2005
LA Clippers,51358645,82959386,2005
Cleveland,51303962,82871059,2005
Oklahoma City,49253379,79558761,2005
Atlanta,42944553,69368140,2005
New Orleans,41277617,66675548,2005
Charlotte,33458932,54046059,2005
New York,59945400,115541991,1998
Portland,54725500,105480871,1998
Orlando,46118000,88890313,1998
Indiana,45401500,87509294,1998
Miami,44594000,85952874,1998
Brooklyn,43735000,84297187,1998
San Antonio,43681143,84193386,1998
LA Lakers,41872000,80706343,1998
Philadelphia,41509920,80008450,1998
Atlanta,40954940,78938754,1998
Phoenix,36101500,69583972,1998
Dallas,35565568,68550988,1998
Detroit,34699620,66881913,1998
Toronto,34368500,66243695,1998
Washington,34018500,65569086,1998
Milwaukee,33703240,64961435,1998
Memphis,33635800,64831447,1998
Minnesota,33107230,63812656,1998
Sacramento,32267000,62193149,1998
Boston,32258856,62177451,1998
Golden State,30985000,59722156,1998
Charlotte,30452000,58694819,1998
Oklahoma City,30413082,58619808,1998
Utah,30298560,58399075,1998
Houston,30297100,58396261,1998
Denver,29392200,56652107,1998
Cleveland,28714000,55344905,1998
Chicago,28640500,55203237,1998
LA Clippers,28417580,54773571,1998
Cleveland,137722926,176641010,2017
Golden State,137610134,176496341,2017
Oklahoma City,134534640,172551767,2017
Miami,133624374,171384276,2017
Washington,123306396,158150619,2017
New Orleans,120814452,154954494,2017
Milwaukee,120521249,154578435,2017
Houston,119905532,153788726,2017
Detroit,119773191,153618991,2017
LA Clippers,119093010,152746604,2017
Portland,118708146,152252982,2017
Charlotte,117382664,150552943,2017
Toronto,116929373,149971558,2017
Minnesota,116075131,148875924,2017
Boston,115284776,147862224,2017
San Antonio,114633844,147027354,2017
Memphis,110700149,141982062,2017
Denver,107543599,137933530,2017
Utah,105606838,135449473,2017
New York,105403130,135188201,2017
LA Lakers,103126557,132268307,2017
Philadelphia,100797386,129280953,2017
Atlanta,99992696,128248869,2017
Sacramento,99587185,127728771,2017
Orlando,98700258,126591215,2017
Brooklyn,95475397,122455063,2017
Indiana,95271736,122193851,2017
Phoenix,92684083,118874973,2017
Chicago,90466801,116031124,2017
Dallas,85440245,109584150,2017
Boston,25217000,56508912,1992
Cleveland,19676000,44092055,1992
LA Lakers,18851000,42243306,1992
Chicago,18536000,41537426,1992
San Antonio,18083000,40522291,1992
Atlanta,18036000,40416970,1992
Philadelphia,17367000,38917806,1992
Washington,17249000,38653375,1992
Portland,16369000,36681382,1992
Brooklyn,16314000,36558129,1992
Indiana,16268000,36455047,1992
Houston,15877000,35578852,1992
Golden State,15473000,34673530,1992
Miami,15125000,33893693,1992
Orlando,14970000,33546353,1992
Utah,14517000,32531222,1992
LA Clippers,14288000,32018054,1992
Phoenix,14280000,32000125,1992
Charlotte,14150000,31708810,1992
Oklahoma City,14033000,31446625,1992
Milwaukee,14032000,31444385,1992
New York,14001000,31374915,1992
Detroit,13954000,31269592,1992
Sacramento,13953000,31267354,1992
Denver,13776180,30871116,1992
Minnesota,13732000,30772112,1992
Dallas,10859000,24333987,1992
Oklahoma City,132017938,161928040,2019
Portland,131979953,161881448,2019
LA Clippers,131506341,161300533,2019
Cleveland,131059022,160751868,2019
Philadelphia,129912339,159345395,2019
Miami,129867871,159290850,2019
Golden State,129254928,158539039,2019
Denver,128746180,157915026,2019
Houston,128109922,157134618,2019
Orlando,126095610,154663944,2019
LA Lakers,123971686,152058818,2019
Milwaukee,122612183,150391306,2019
Toronto,122463495,150208932,2019
Washington,121296256,148777244,2019
Dallas,120871082,148255740,2019
San Antonio,119217331,146227313,2019
Utah,118910311,145850738,2019
Brooklyn,118889943,145825752,2019
New Orleans,117868297,144572641,2019
Boston,117759332,144438990,2019
Minnesota,114202982,140076911,2019
Sacramento,113796966,139578905,2019
Indiana,112872260,138444699,2019
Chicago,112601901,138113087,2019
Atlanta,110702618,135783499,2019
Detroit,104527576,128209432,2019
New York,100232129,122940807,2019
Phoenix,98539675,120864909,2019
Memphis,98495848,120811153,2019
Charlotte,96552033,118426946,2019
Cleveland,128522489,167533343,2016
Portland,119732234,156074952,2016
LA Clippers,114756766,149589264,2016
San Antonio,112017779,146018902,2016
Memphis,110083520,143497530,2016
Toronto,108599970,141563674,2016
Detroit,106492988,138817154,2016
Orlando,104096951,135693836,2016
Washington,104016580,135589072,2016
Charlotte,103054004,134334324,2016
New York,102593418,133733931,2016
Dallas,102354966,133423098,2016
New Orleans,101616451,132460421,2016
Golden State,101584835,132419209,2016
Miami,100740770,131318946,2016
Atlanta,96315163,125550017,2016
Milwaukee,96245877,125459700,2016
Sacramento,95596327,124612990,2016
LA Lakers,94781848,123551292,2016
Boston,93465326,121835160,2016
Chicago,92522306,120605903,2016
Oklahoma City,91230089,118921455,2016
Houston,90956067,118564259,2016
Indiana,90279072,117681770,2016
Phoenix,89754590,116998090,2016
Philadelphia,84775343,110507474,2016
Denver,83836460,109283609,2016
Minnesota,83527580,108880975,2016
Brooklyn,82391482,107400033,2016
Utah,80138192,104462798,2016
Golden State,209354737,215575491,2023
LA Clippers,201366679,207350074,2023
Phoenix,193838882,199598596,2023
Milwaukee,187346674,192913480,2023
Boston,186940921,192495669,2023
Denver,180922992,186298923,2023
Miami,177143542,182407172,2023
LA Lakers,169876920,174924626,2023
Dallas,167755884,172740566,2023
New Orleans,167403924,172378150,2023
Cleveland,166874287,171832777,2023
Minnesota,166434327,171379743,2023
Philadelphia,166271894,171212482,2023
Chicago,165630436,170551964,2023
Portland,165263993,170174630,2023
New York,164990518,169893032,2023
Toronto,163054678,167899669,2023
Memphis,162649524,167482470,2023
Oklahoma City,162515272,167344233,2023
Atlanta,159153393,163882464,2023
Brooklyn,155015136,159621241,2023
Sacramento,153564021,158127009,2023
Washington,150856313,155338839,2023
Houston,149356730,153794701,2023
Indiana,148722330,153141451,2023
San Antonio,142867770,147112925,2023
Detroit,139233014,143370164,2023
Charlotte,135774484,139808870,2023
Utah,133738448,137712338,2023
Orlando,132643598,136584956,2023
New York,85993039,151780123,2001
Portland,84292850,148779239,2001
Brooklyn,75193712,132719005,2001
Philadelphia,58073366,102501114,2001
Dallas,57960080,102301160,2001
Phoenix,56596369,99894176,2001
Milwaukee,56224266,99237401,2001
Minnesota,55093782,97242068,2001
Sacramento,54921012,96937124,2001
Washington,54776087,96681321,2001
Denver,54460475,96124258,2001
LA Lakers,54262017,95773977,2001
Indiana,53398621,94250058,2001
Miami,53351186,94166335,2001
Toronto,52657161,92941360,2001
Utah,52642362,92915243,2001
Atlanta,51525207,90943431,2001
Memphis,50920631,89876337,2001
Charlotte,49999445,88250416,2001
Houston,49168169,86783192,2001
Golden State,47681152,84158566,2001
Boston,47515677,83866497,2001
Orlando,45984001,81163046,2001
San Antonio,45844814,80917378,2001
Cleveland,45649974,80573481,2001
Oklahoma City,45556733,80408908,2001
Chicago,42592857,75177581,2001
Detroit,42417677,74868385,2001
LA Clippers,33849932,59746073,2001
Cleveland,23711000,51588659,1993
Portland,23534000,51203556,1993
LA Lakers,23478000,51081713,1993
Atlanta,22510000,48975610,1993
New York,22109000,48103144,1993
Phoenix,21485000,46745490,1993
LA Clippers,20188000,43923573,1993
Brooklyn,20107000,43747338,1993
Orlando,19939000,43381816,1993
San Antonio,19316365,42027134,1993
Golden State,19239000,41858807,1993
Chicago,18531000,40318393,1993
Charlotte,17952000,39058648,1993
Boston,17881000,38904169,1993
Miami,17811000,38751869,1993
Sacramento,17397000,37851118,1993
Indiana,17196000,37413795,1993
Utah,16990000,36965598,1993
Houston,16757000,36458655,1993
Washington,16240000,35333801,1993
Denver,16110000,35050956,1993
Oklahoma City,15967000,34739832,1993
Detroit,15826000,34433050,1993
Minnesota,15496000,33715063,1993
Philadelphia,15354000,33406110,1993
Milwaukee,14889000,32394394,1993
Dallas,14321000,31158581,1993
Cleveland,14403000,34834960,1990
New York,13290000,32143071,1990
Detroit,12910000,31224004,1990
LA Lakers,12120000,29313318,1990
Atlanta,11761000,28445044,1990
Dallas,11693000,28280580,1990
Philadelphia,11640000,28152396,1990
Milwaukee,11595000,28043558,1990
Phoenix,11463000,27724304,1990
Brooklyn,11410000,27596119,1990
Boston,11256000,27223656,1990
Portland,11215000,27124495,1990
Golden State,11150000,26967286,1990
San Antonio,11057000,26742357,1990
Indiana,10981000,26558545,1990
Utah,10695000,25866827,1990
Oklahoma City,10590000,25612876,1990
Houston,10500000,25395200,1990
Charlotte,10417000,25194459,1990
Denver,10335000,24996134,1990
LA Clippers,10245000,24778462,1990
Chicago,10040000,24282651,1990
Washington,9610000,23242653,1990
Sacramento,9605000,23230561,1990
Miami,8510000,20582205,1990
Minnesota,7540000,18236170,1990
Orlando,7532000,18216825,1990
Brooklyn,87817289,115757521,2014
LA Clippers,85259447,112385865,2014
Dallas,84820225,111806900,2014
Cleveland,82592827,108870827,2014
New York,81369219,107257909,2014
Toronto,81317963,107190349,2014
Oklahoma City,80408520,105991554,2014
New Orleans,80012866,105470012,2014
LA Lakers,77546500,102218941,2014
Houston,76849302,101299920,2014
Miami,75813041,99933961,2014
Memphis,75158730,99071471,2014
Indiana,74793526,98590073,2014
Golden State,73611166,97031531,2014
Sacramento,73379071,96725589,2014
Washington,73372974,96717556,2014
San Antonio,70770209,93286684,2014
Portland,69936842,92188171,2014
Minnesota,69378954,91452780,2014
Chicago,67414682,88863554,2014
Detroit,67410675,88858270,2014
Charlotte,66792937,88043990,2014
Boston,62218516,82014153,2014
Utah,60847538,80206983,2014
Orlando,59629210,78601027,2014
Atlanta,58320278,76875642,2014
Phoenix,58018672,76478074,2014
Denver,56820307,74898435,2014
Milwaukee,54473275,71804662,2014
Philadelphia,54355571,71649503,2014
New York,89444820,152974005,2003
Portland,82956768,141877741,2003
Dallas,79536723,136028569,2003
Minnesota,71272042,121893806,2003
Sacramento,68372826,116935391,2003
Phoenix,66931770,114470809,2003
Atlanta,64497340,110307297,2003
LA Lakers,64123085,109667222,2003
Brooklyn,63697123,108938716,2003
Toronto,63033243,107803308,2003
Philadelphia,60411079,103318722,2003
Boston,60185915,102933630,2003
Indiana,58156236,99462352,2003
Memphis,57378323,98131916,2003
Chicago,55489797,94902043,2003
Houston,55401430,94750913,2003
Detroit,53442834,91401203,2003
Golden State,53376708,91288107,2003
Milwaukee,53229826,91036902,2003
Oklahoma City,52347476,89527854,2003
Orlando,50588419,86519404,2003
New Orleans,49800204,85171353,2003
Miami,47349374,80979792,2003
San Antonio,46464064,79465681,2003
Cleveland,46186472,78990929,2003
Washington,45682902,78129691,2003
Denver,39398646,67381969,2003
LA Clippers,39114363,66895771,2003
Utah,34747674,59427594,2003
Chicago,61330670,120203133,1997
New York,53974881,105786381,1997
Orlando,43954299,86146850,1997
Washington,40718075,79804117,1997
Indiana,39162273,76754871,1997
San Antonio,38846163,76135320,1997
Oklahoma City,37592175,73677605,1997
Phoenix,36937876,72395232,1997
LA Lakers,36304583,71154030,1997
Miami,34641186,67893904,1997
Golden State,32856469,64396006,1997
Philadelphia,31420520,61581662,1997
Atlanta,30133827,59059848,1997
Sacramento,30046350,58888399,1997
Utah,28505442,55868348,1997
Brooklyn,28504567,55866632,1997
Houston,28086350,55046960,1997
Minnesota,27787780,54461786,1997
Portland,27786719,54459706,1997
Dallas,27268948,53444920,1997
Charlotte,27006013,52929589,1997
Boston,26800500,52526797,1997
Cleveland,26677290,52285316,1997
Denver,26518960,51975001,1997
Milwaukee,25919828,50800754,1997
Memphis,25637110,50246648,1997
Detroit,24876625,48756160,1997
Toronto,24748905,48505837,1997
LA Clippers,24493625,48005511,1997
Portland,73898705,139693887,1999
New York,72288001,136649104,1999
LA Lakers,55018533,104003886,1999
Indiana,54988605,103947312,1999
Brooklyn,53245461,100652172,1999
Washington,53194441,100555728,1999
Miami,52496573,99236516,1999
Houston,52269367,98807020,1999
Utah,50348426,95175785,1999
Cleveland,46547966,87991612,1999
Phoenix,46544037,87984183,1999
Boston,46152875,87244753,1999
Milwaukee,44680197,84460887,1999
Atlanta,44169202,83494933,1999
Philadelphia,43890593,82968261,1999
Minnesota,42642272,80608510,1999
San Antonio,42529801,80395901,1999
Detroit,42141801,79662444,1999
Orlando,41586801,78613302,1999
Denver,40677095,76893654,1999
Sacramento,40113125,75827554,1999
Dallas,40014500,75641119,1999
Charlotte,38619012,73003169,1999
Oklahoma City,38258910,72322453,1999
Memphis,37432688,70760610,1999
Golden State,36133518,68304731,1999
Toronto,34730320,65652208,1999
Chicago,27032368,51100433,1999
LA Clippers,22489343,42512562,1999
Cleveland,108300458,142581211,2015
LA Clippers,97019321,127729210,2015
Oklahoma City,95708387,126003321,2015
Golden State,93669566,123319143,2015
San Antonio,87832839,115634895,2015
Houston,87504058,115202044,2015
Chicago,87073838,114635645,2015
Miami,85764781,112912227,2015
Washington,85055155,111977978,2015
New Orleans,83709371,110206207,2015
Memphis,83223881,109567043,2015
Brooklyn,80258302,105662759,2015
Detroit,77256014,101710148,2015
Boston,77141919,101559937,2015
Charlotte,76860006,101188788,2015
Dallas,75397067,99262779,2015
New York,74237021,97735540,2015
Milwaukee,73843541,97217512,2015
LA Lakers,72694352,95704564,2015
Denver,72589023,95565893,2015
Minnesota,72287243,95168593,2015
Atlanta,71661760,94345122,2015
Indiana,71605233,94270703,2015
Toronto,71591189,94252213,2015
Sacramento,70610560,92961183,2015
Phoenix,68095365,89649840,2015
Philadelphia,64583220,85025979,2015
Utah,63608425,83742634,2015
Orlando,63199651,83204468,2015
Portland,61685814,81211451,2015
95122335,3107143,3107143,2024
118840116,86055603,0,2024
213553149,179367723,71446822,2024
146981267,91692629,0,2024
13285714,0,0,2024
66821676,0,0,2024
163334957,99618645,0,2024
87619026,0,0,2024
23523485,0,0,2024
56090089,60244910,0,2024
105217102,31000000,0,2024
20998320,0,0,2024
13050000,0,0,2024
164471089,115459301,0,2024
119252334,80440508,51033444,2024
71490451,0,0,2024
176568206,80420508,51033444,2024
43582280,46394040,0,2024
20943184,0,0,2024
62880000,30000000,30000000,2024
73339450,39036697,39036697,2024
153420792,55672848,0,2024
48556822,0,0,2024
18000000,18000000,0,2024
28988975,22446480,0,2024
87053440,44886930,0,2024
24652174,27000000,0,2024
52613896,53536209,0,2024
108497732,89740508,77733444,2024
44847572,47940508,51033444,2024
Dallas,101694879,153346197,2007
New York,96190114,145045534,2007
Denver,82958227,125093110,2007
Cleveland,82217583,123976286,2007
Miami,74767603,112742426,2007
Boston,74509455,112353166,2007
Philadelphia,74038229,111642599,2007
Portland,73241335,110440960,2007
LA Lakers,72626796,109514294,2007
Phoenix,71323049,107548369,2007
San Antonio,70048523,105626500,2007
Houston,69894114,105393668,2007
Minnesota,69043895,104111617,2007
Indiana,66260246,99914141,2007
Toronto,66042375,99585611,2007
Detroit,65898875,99369227,2007
Washington,65278996,98434512,2007
Utah,64959089,97952121,2007
LA Clippers,64847945,97784525,2007
Sacramento,63403225,95606024,2007
Chicago,63084166,95124917,2007
New Orleans,62609991,94409903,2007
Milwaukee,62571522,94351897,2007
Golden State,62148303,93713720,2007
Brooklyn,61836211,93243117,2007
Oklahoma City,60861388,91773175,2007
Orlando,58165973,87708746,2007
Atlanta,55501133,83690424,2007
Memphis,54118526,81605579,2007
Charlotte,53745468,81043047,2007
